GPU,class
NVIDIA GEFORCE RTX 3080 TI ,1
NVIDIA RTX A5500 ,1
NVIDIA GEFORCE RTX 3080 ,1
NVIDIA RTX A4500 ,1
NVIDIA GEFORCE RTX 3070 TI ,1
NVIDIA RTX A5000 ,1
NVIDIA QUADRO RTX 6000 ,1
AMD RADEON RX 6850M XT,1
AMD RADEON RX 6800M,1
NVIDIA GEFORCE RTX 2080 SUPER ,1
NVIDIA GEFORCE RTX 3070 ,1
NVIDIA RTX A4000 ,1
AMD RADEON RX 6800S,1
AMD RADEON RX 6700M,1
NVIDIA GEFORCE RTX 3080 MAX-Q,1
APPLE M1 MAX 32-CORE GPU,1
NVIDIA GEFORCE RTX 2080 ,1
NVIDIA GEFORCE GTX 1080 SLI ,1
NVIDIA GEFORCE GTX 1070 SLI ,1
INTEL A770M,2
NVIDIA QUADRO RTX 5000 ,2
NVIDIA GEFORCE RTX 3070 MAX-Q,2
NVIDIA RTX A3000 ,2
APPLE M1 MAX 24-CORE GPU,2
NVIDIA GEFORCE RTX 3060 ,2
NVIDIA GEFORCE RTX 2070 SUPER ,2
NVIDIA GEFORCE RTX 2080 SUPER MAX-Q,2
NVIDIA QUADRO RTX 5000 MAX-Q,2
NVIDIA GEFORCE RTX 2080 MAX-Q,2
INTEL A730M,2
NVIDIA GEFORCE RTX 2070 ,2
NVIDIA GEFORCE GTX 1080 ,2
NVIDIA QUADRO RTX 4000 ,2
NVIDIA GEFORCE RTX 3060 MAX-Q,2
APPLE M1 PRO 16-CORE GPU,2
AMD RADEON RX 6650M XT,2
AMD RADEON RX 6650M,2
AMD RADEON RX 6600M,2
AMD RADEON RX 6700S,2
NVIDIA GEFORCE RTX 2070 SUPER MAX-Q,2
NVIDIA QUADRO RTX 4000 MAX-Q,2
APPLE M1 PRO 14-CORE GPU,2
NVIDIA GEFORCE RTX 2070 MAX-Q,2
NVIDIA GEFORCE GTX 980 SLI ,2
AMD RADEON RX 6600S,2
NVIDIA QUADRO P5200,2
NVIDIA QUADRO RTX 3000 ,2
NVIDIA GEFORCE RTX 2060 ,2
NVIDIA QUADRO RTX 3000 MAX-Q,2
NVIDIA GEFORCE GTX 1080 MAX-Q,2
NVIDIA GEFORCE GTX 1070 ,2
NVIDIA GEFORCE RTX 2060 MAX-Q,2
NVIDIA QUADRO P4200,2
NVIDIA RTX A2000 ,2
AMD RADEON RX 5600M,2
NVIDIA QUADRO P5000,2
NVIDIA GEFORCE GTX 1660 TI ,2
NVIDIA GEFORCE RTX 3050 TI ,2
NVIDIA RTX A1000 ,2
NVIDIA GEFORCE GTX 1070 MAX-Q,2
AMD RADEON PRO 5600M,2
INTEL A550M,2
NVIDIA GEFORCE GTX 1660 TI MAX-Q,2
NVIDIA QUADRO P5000 MAX-Q,2
NVIDIA GEFORCE GTX 980M SLI,2
NVIDIA GEFORCE RTX 3050 ,2
NVIDIA RTX A500 ,2
AMD RADEON RX 6500M,2
INTEL A370M,2
NVIDIA GEFORCE GTX 980 ,2
NVIDIA QUADRO M5500,2
NVIDIA GEFORCE GTX 970M SLI,2
NVIDIA QUADRO P4000,2
NVIDIA QUADRO T2000 ,2
NVIDIA GEFORCE GTX 1060 ,2
NVIDIA GEFORCE GTX 1650 TI ,2
AMD RADEON RX 5500M,2
AMD RADEON PRO 5500M,2
NVIDIA QUADRO P4000 MAX-Q,2
NVIDIA QUADRO P3200,2
AMD RADEON RX 580X ,2
AMD RADEON RX 580 ,2
AMD VEGA ,2
NVIDIA GEFORCE RTX 2050 ,2
NVIDIA GEFORCE MX570,2
AMD RADEON RX 6300M,2
AMD RADEON PRO 5300M,2
AMD RADEON RX 5300M,2
NVIDIA QUADRO P3000,2
NVIDIA GEFORCE GTX 1650 ,2
NVIDIA GEFORCE GTX 1060 MAX-Q,2
NVIDIA QUADRO P3000 MAX-Q,2
NVIDIA GEFORCE GTX 1650 TI MAX-Q,2
NVIDIA QUADRO T2000 MAX-Q,2
AMD RADEON RX 480 ,2
AMD RADEON PRO WX 7100,2
AMD RADEON RX 570X ,2
AMD RADEON RX 570 ,2
AMD RADEON RX 470 ,2
NVIDIA GEFORCE GTX 1650 MAX-Q,2
NVIDIA T1200 ,2
NVIDIA QUADRO T1000 ,2
NVIDIA QUADRO T1000 MAX-Q,2
INTEL A350M,2
NVIDIA T600 ,2
NVIDIA T500 ,2
NVIDIA GEFORCE GTX 880M SLI,3
NVIDIA GEFORCE GTX 780M SLI,3
AMD RADEON RX 490M,3
NVIDIA GEFORCE GTX 965M SLI,3
AMD RADEON R9 M290X CROSSFIRE,3
AMD RADEON HD 8970M CROSSFIRE,3
NVIDIA GEFORCE GTX 680M SLI,3
AMD RADEON HD 7970M CROSSFIRE,3
NVIDIA GEFORCE GTX 980M,3
AMD VEGA M GH,3
NVIDIA QUADRO M5000M,3
AMD RADEON PRO VEGA 20,3
NVIDIA GEFORCE GTX 1050 TI ,3
NVIDIA GEFORCE MX550,3
AMD RADEON 680M,3
NVIDIA QUADRO P2000,3
NVIDIA QUADRO P2000 MAX-Q,3
NVIDIA QUADRO M4000M,3
NVIDIA GEFORCE GTX 970M,3
NVIDIA GEFORCE MX450,3
NVIDIA GEFORCE GTX 860M SLI,3
NVIDIA GEFORCE GTX 770M SLI,3
AMD RADEON R9 M395X,3
NVIDIA GEFORCE GTX 1050 TI MAX-Q,3
AMD RADEON PRO VEGA 16,3
AMD VEGA M GL / 870,3
AMD WX VEGA M GL,3
AMD RADEON R9 M485X,3
AMD RADEON R9 M295X,3
AMD RADEON R9 M390X,3
NVIDIA QUADRO M3000M,3
NVIDIA GEFORCE GTX 1050 ,3
AMD FIREPRO W7170M,3
AMD RADEON R9 M395,3
NVIDIA GEFORCE GTX 880M,3
NVIDIA GEFORCE GTX 1050 MAX-Q,3
NVIDIA GEFORCE GTX 780M,3
NVIDIA QUADRO K5100M,3
NVIDIA GEFORCE GTX 680MX,3
AMD RADEON PRO WX 4150,3
NVIDIA GEFORCE GTX 965M,3
AMD RADEON RX 560X ,3
AMD RADEON RX 560 ,3
NVIDIA QUADRO M2200,3
NVIDIA GEFORCE GTX 870M,3
AMD RADEON R9 M290X,3
AMD RADEON HD 8970M,3
NVIDIA GEFORCE GTX 675M SLI,3
NVIDIA GEFORCE GTX 765M SLI,3
AMD RADEON RX 460 ,3
NVIDIA GEFORCE GTX 680M,3
NVIDIA GEFORCE GTX 775M,3
NVIDIA QUADRO P1000,3
AMD RADEON R9 M390,3
INTEL XE MAX,3
AMD FIREPRO M6100,3
AMD RADEON HD 7970M,3
AMD RADEON PRO 560X,3
AMD RADEON PRO 560,3
AMD RADEON PRO 460,3
AMD RADEON PRO WX 4130,3
INTEL IRIS XE G7 96EUS,3
NVIDIA GEFORCE MX350,3
NVIDIA GEFORCE GTX 960M,3
NVIDIA GEFORCE GTX 670MX SLI,3
NVIDIA QUADRO M1200,3
NVIDIA QUADRO P620,3
AMD RADEON RX 550X ,3
AMD RADEON RX 550 ,3
AMD RADEON RX 640,3
AMD RADEON PRO WX 3200,3
AMD RADEON PRO 555X,3
AMD RADEON PRO 555,3
AMD RADEON PRO 455,3
NVIDIA QUADRO P600,3
NVIDIA GEFORCE MX250,3
NVIDIA GEFORCE MX330,3
NVIDIA GEFORCE MX150,3
INTEL IRIS XE G7 80EUS,3
NVIDIA QUADRO M2000M,3
NVIDIA QUADRO K5000M,3
NVIDIA QUADRO K4100M,3
NVIDIA GEFORCE GTX 770M,3
AMD RADEON RX 540X,3
AMD RADEON PRO WX 2100,3
AMD RADEON RX 540,3
AMD RADEON PRO WX 3100,3
NVIDIA GEFORCE GTX 860M,3
NVIDIA GEFORCE GTX 580M SLI,3
AMD RADEON HD 6990M CROSSFIRE,3
NVIDIA GEFORCE GT 755M SLI,3
NVIDIA GEFORCE GTX 485M SLI,3
AMD RADEON HD 6970M CROSSFIRE,3
NVIDIA GEFORCE GTX 675MX,3
NVIDIA GEFORCE GT 750M SLI,3
NVIDIA GEFORCE GTX 950M,3
AMD RADEON PRO 450,3
AMD RADEON 630,3
AMD RADEON 540X,3
AMD RADEON R9 M470X,3
AMD RADEON R9 M385X,3
NVIDIA QUADRO P520,3
NVIDIA GEFORCE GTX 850M,3
NVIDIA QUADRO M1000M,3
NVIDIA QUADRO M620,3
AMD RADEON R9 M280X,3
AMD RADEON HD 7950M,3
NVIDIA GEFORCE 945M,3
APPLE M2 10-CORE GPU,3
NVIDIA GEFORCE GTX 765M,3
NVIDIA GEFORCE GTX 470M SLI,3
NVIDIA GEFORCE GTX 480M SLI,3
NVIDIA GEFORCE GTX 560M SLI,3
NVIDIA QUADRO K4000M,3
NVIDIA QUADRO P500,3
INTEL UHD GRAPHICS 64EUS,3
INTEL IRIS PLUS GRAPHICS G7 (ICE LAKE 64 EU),3
AMD VEGA 10,3
INTEL IRIS PRO GRAPHICS P580,3
INTEL IRIS PRO GRAPHICS 580,3
NVIDIA GEFORCE GTX 675M,3
NVIDIA GEFORCE GTX 580M,3
AMD RADEON HD 6990M,3
AMD RADEON R9 M470,3
AMD RADEON R9 M385,3
AMD RADEON R9 M380,3
NVIDIA GEFORCE GT 650M SLI,3
NVIDIA GEFORCE GTX 460M SLI,3
ATI MOBILITY RADEON HD 5870 CROSSFIRE,3
NVIDIA GEFORCE GTX 485M,3
NVIDIA GEFORCE GTX 285M SLI,3
NVIDIA QUADRO K3100M,3
AMD FIREPRO W5170M,3
AMD RADEON R9 M370X,3
NVIDIA GEFORCE GTX 670MX,3
NVIDIA QUADRO 5010M,3
NVIDIA GEFORCE GTX 760M,3
AMD RADEON R9 M275,3
NVIDIA GEFORCE GTX 670M,3
AMD VEGA 9,3
"NVIDIA MAXWELL GPU (940M, GDDR5)",3
AMD FIREPRO W5130M,3
AMD FIREPRO M8900,3
AMD RADEON HD 6970M,3
AMD RADEON R9 M270,3
AMD RADEON HD 8870M,3
AMD RADEON HD 7870M,3
NVIDIA QUADRO K3000M,3
NVIDIA GEFORCE GTX 570M,3
INTEL UHD GRAPHICS XE G4 48EUS,3
INTEL UHD GRAPHICS XE 32EUS (TIGER LAKE-H),3
INTEL UHD GRAPHICS XE 750 32EUS,3
AMD FIREPRO M6000,3
AMD FIREPRO M5100,3
NVIDIA GEFORCE MX230,3
AMD VEGA 8,3
NVIDIA QUADRO K2100M,3
NVIDIA GEFORCE GTX 280M SLI,3
AMD RADEON HD 6950M,3
NVIDIA GEFORCE GT 755M,3
NVIDIA GEFORCE GTX 660M,3
NVIDIA GEFORCE 845M,3
AMD RADEON HD 8850M,3
AMD RADEON R9 M365X,3
AMD RADEON R9 M265X,3
AMD RADEON HD 7850M,3
AMD RADEON R7 M465,3
AMD RADEON HD 8790M,3
AMD FIREPRO W4170M,3
ATI MOBILITY RADEON HD 4870 X2,3
NVIDIA QUADRO 4000M,3
NVIDIA GEFORCE GTX 470M,3
NVIDIA GEFORCE GTX 480M,3
NVIDIA GEFORCE GT 750M,3
INTEL IRIS PRO GRAPHICS 6200,3
NVIDIA GEFORCE MX130,3
NVIDIA GEFORCE 940MX,3
NVIDIA QUADRO M520,3
NVIDIA QUADRO K1100M,3
AMD RADEON VEGA 8,3
AMD VEGA 7,3
AMD RADEON 660M,3
NVIDIA GEFORCE 940M,3
INTEL IRIS PLUS GRAPHICS G4 (ICE LAKE 48 EU),3
NVIDIA GEFORCE 930MX,3
APPLE M1 8-CORE GPU,3
APPLE M1 7-CORE GPU,3
APPLE A12Z BIONIC GPU,3
APPLE A12X BIONIC GPU,3
NVIDIA QUADRO M600M,3
AMD FIREPRO W4190M,3
AMD RADEON R9 M375,3
INTEL IRIS PLUS GRAPHICS 655,3
AMD RADEON R7 M445,3
AMD RADEON R7 M380,3
AMD RADEON R7 M370,3
QUALCOMM ADRENO 730,3
APPLE A15 GPU 5-CORE,3
ARM MALI-G710 MP10,3
NVIDIA GEFORCE GT 650M,3
NVIDIA QUADRO K620M,3
NVIDIA QUADRO M500M,3
NVIDIA GEFORCE 840M,3
AMD RADEON R7 M275DX,3
NVIDIA GEFORCE GT 745M,3
AMD RADEON HD 7770M,3
NVIDIA GEFORCE GTX 560M,3
INTEL IRIS PRO GRAPHICS 5200,3
APPLE A15 GPU 4-CORE,3
APPLE A14 BIONIC GPU,3
SAMSUNG XCLIPSE 920,3
QUALCOMM ADRENO 660,3
ARM MALI-G78 MP24,3
ARM MALI-G78 MP22,3
NVIDIA GEFORCE GT 740M,3
INTEL IRIS PLUS GRAPHICS 650,3
NVIDIA GEFORCE 930M,3
INTEL IRIS GRAPHICS 550,3
AMD RADEON 530,3
AMD RADEON 625,3
AMD VEGA 6,3
INTEL IRIS PLUS GRAPHICS 645,3
APPLE A13 BIONIC GPU,3
NVIDIA GEFORCE 830M,3
NVIDIA GEFORCE MX110,3
INTEL IRIS PLUS GRAPHICS 640,3
NVIDIA GEFORCE 920MX,3
INTEL IRIS GRAPHICS 540,3
APPLE A12 BIONIC GPU,3
QUALCOMM ADRENO 650,3
ARM MALI-G78 MP20,3
ARM MALI-G78 MP14,3
APPLE A11 BIONIC GPU,3
IMAGINATION A10X FUSION GPU,3
NVIDIA QUADRO K2000M,3
NVIDIA GEFORCE GTX 260M SLI,3
NVIDIA GEFORCE GT 735M,3
ATI MOBILITY RADEON HD 5870,3
NVIDIA GEFORCE 825M,3
NVIDIA QUADRO 5000M,3
AMD FIREPRO M4000,3
ATI FIREPRO M7820,3
AMD RADEON HD 6870M,3
NVIDIA GEFORCE 9800M GTX SLI,3
AMD RADEON HD 8830M,3
AMD RADEON HD 8770M,3
AMD RADEON R7 M260X,3
NVIDIA GEFORCE GTX 460M,3
AMD RADEON HD 8550G + HD 8750M DUAL GRAPHICS,3
NVIDIA GEFORCE GT 730M,3
NVIDIA GEFORCE GT 645M,3
AMD RADEON HD 7750M,3
AMD FIREPRO M4100,3
AMD RADEON HD 8750M,3
NVIDIA QUADRO 3000M,3
AMD RADEON R7 M270,3
AMD RADEON R7 M265,3
NVIDIA QUADRO FX 3800M,3
NVIDIA GEFORCE GTX 285M,3
ATI MOBILITY RADEON HD 4870,3
AMD RADEON R7 (BRISTOL RIDGE),3
NVIDIA GEFORCE GT 640M,3
AMD RADEON R7 (CARRIZO),3
AMD RADEON R7 (KAVERI),3
AMD RADEON R8 M365DX,3
AMD RADEON R7 M460,3
AMD RADEON HD 7730M,3
IMAGINATION A9X / POWERVR GT7XXX,3
AMD RADEON R7 M360,3
NVIDIA GEFORCE GTX 280M,3
NVIDIA GEFORCE 920M,3
NVIDIA GEFORCE 9800M GT SLI,3
AMD RADEON HD 8690M,3
AMD RADEON R8 M445DX,3
AMD RADEON 620,3
AMD RADEON R7 M440,3
NVIDIA GEFORCE 9800M GTS SLI,3
ATI MOBILITY RADEON HD 3870 X2,3
NVIDIA GEFORCE 8800M GTX SLI,3
ATI MOBILITY RADEON HD 3850 X2,3
NVIDIA QUADRO FX 3700M,3
AMD RADEON R7 M260,3
AMD RADEON R7 M340,3
AMD RADEON 520,3
AMD RADEON 610,3
AMD RADEON R6 M340DX,3
AMD VEGA 6,3
AMD VEGA 5,3
INTEL UHD GRAPHICS G1 (ICE LAKE 32 EU),3
INTEL UHD GRAPHICS XE 16EUS (TIGER LAKE-H),3
INTEL UHD GRAPHICS G7 (LAKEFIELD GT2 64 EU),3
INTEL HD GRAPHICS 530,3
INTEL HD GRAPHICS P530,3
NVIDIA TEGRA X1 MAXWELL GPU,3
AMD RADEON R5 (BRISTOL RIDGE),3
INTEL UHD GRAPHICS 620,3
INTEL HD GRAPHICS 620,3
AMD RADEON R6 (CARRIZO),3
QUALCOMM ADRENO 685,3
QUALCOMM ADRENO 680,3
ATI MOBILITY RADEON HD 4860,3
ATI FIREPRO M7740,3
ATI MOBILITY RADEON HD 4850,3
NVIDIA GEFORCE GTX 260M,3
NVIDIA GEFORCE 9800M GTX,3
NVIDIA QUADRO FX 2800M,3
AMD RADEON HD 6775G2,3
AMD RADEON HD 7690M XT,3
AMD FIREPRO M5950,3
NVIDIA GEFORCE GT 640M LE,3
AMD RADEON R6 (KAVERI),3
AMD RADEON HD 8650M,3
AMD RADEON HD 8730M,3
AMD RADEON HD 6770M,3
NVIDIA GEFORCE GT 635M,3
NVIDIA GEFORCE GT 555M,3
ATI MOBILITY RADEON HD 5850,3
AMD RADEON HD 6850M,3
NVIDIA QUADRO 2000M,3
NVIDIA GEFORCE 9800M GT,3
NVIDIA GEFORCE 8800M GTX,3
NVIDIA QUADRO FX 3600M,3
NVIDIA GEFORCE GT 445M,3
NVIDIA GEFORCE GTS 360M,3
AMD RADEON HD 6755G2,3
AMD RADEON HD 7690M,3
INTEL HD GRAPHICS 5600,3
AMD RADEON HD 8650G + HD 8670M DUAL GRAPHICS,3
AMD RADEON HD 8650G + HD 8570M DUAL GRAPHICS,3
AMD RADEON HD 7660G + HD 7670M DUAL GRAPHICS,3
AMD RADEON HD 8550G + HD 8670M DUAL GRAPHICS,3
AMD RADEON HD 8670M,3
AMD RADEON R6 M255DX,3
AMD RADEON HD 6750M,3
NVIDIA QUADRO K1000M,3
NVIDIA GEFORCE GT 550M,3
AMD RADEON HD 8590M,3
NVIDIA GEFORCE GTS 260M,3
NVIDIA GEFORCE GTS 160M,3
NVIDIA GEFORCE 9800M GTS,3
AMD RADEON HD 6830M,3
ATI MOBILITY RADEON HD 5830,3
AMD RADEON HD 6760G2,3
AMD RADEON HD 6740G2,3
AMD RADEON HD 6730M,3
NVIDIA GEFORCE 9800M GS,3
ATI MOBILITY RADEON HD 4830,3
ATI MOBILITY RADEON HD 5770,3
AMD RADEON HD 6570M,3
AMD RADEON HD 8650G,3
AMD RADEON HD 7640G + HD 7670M DUAL GRAPHICS,3
AMD RADEON HD 6620G + HD 7670M DUAL GRAPHICS,3
AMD RADEON HD 7520G + HD 7670M DUAL GRAPHICS,3
AMD RADEON HD 7670M,3
NVIDIA GEFORCE GT 630M,3
NVIDIA GEFORCE GTS 150M,3
AMD RADEON R5 M335,3
AMD RADEON R5 M330,3
AMD RADEON R5 M430,3
AMD RADEON R5 M255,3
AMD VEGA 3,3
NVIDIA QUADRO 1000M,3
NVIDIA GEFORCE 910M,3
NVIDIA GEFORCE 820M,3
INTEL HD GRAPHICS 520,3
INTEL IRIS GRAPHICS 6100,3
INTEL UHD GRAPHICS G4 (LAKEFIELD GT1 48 EU),3
NVIDIA GEFORCE GT 720M,3
NVIDIA GEFORCE 8800M GTS,3
AMD RADEON R5 M240,4
AMD RADEON R5 M320,4
AMD RADEON R5 M230,4
AMD RADEON R5 M315,4
AMD RADEON R5 M420,4
AMD VEGA 2,4
AMD RADEON R5 (STONEY RIDGE),4
IMAGINATION A10 FUSION GPU,4
ATI MOBILITY RADEON HD 5750,4
AMD RADEON HD 6720G2,4
AMD RADEON HD 8450G + RADEON HD 8570M DUAL GRAPHICS,4
AMD RADEON HD 8570M,4
INTEL HD GRAPHICS 6000,4
NVIDIA QUADRO K610M,4
AMD RADEON HD 8550M,4
INTEL IRIS GRAPHICS 5100,4
NVIDIA GEFORCE GT 540M,4
AMD RADEON HD 6690G2,4
AMD RADEON HD 6650M,4
INTEL HD GRAPHICS 4600,4
ATI MOBILITY RADEON HD 5730,4
INTEL HD GRAPHICS 5500,4
ARM MALI-G77 MP11,4
ARM MALI-G77 MP9,4
ARM MALI-G76 MP16,4
ARM MALI-G610 MP6,4
QUALCOMM ADRENO 642,4
QUALCOMM ADRENO 642L,4
QUALCOMM ADRENO 640,4
QUALCOMM ADRENO 630,4
ARM MALI-G76 MP12,4
ARM MALI-G76 MP10,4
ARM MALI-G57 MP6,4
ARM MALI-G57 MP5,4
QUALCOMM ADRENO 540,4
ARM MALI-G72 MP18,4
ARM MALI-G71 MP20,4
INTEL UHD GRAPHICS (JASPER LAKE 32 EU),4
ARM MALI-G72 MP12,4
ARM MALI-G71 MP8,4
AMD RADEON R5 (CARRIZO),4
INTEL UHD GRAPHICS 617,4
INTEL UHD GRAPHICS 615,4
INTEL UHD GRAPHICS (JASPER LAKE 24 EU),4
INTEL HD GRAPHICS 615,4
AMD RADEON R5 (KAVERI),4
ATI FIREPRO M5800,4
NVIDIA NVS 5400M,4
NVIDIA GEFORCE 710M,4
AMD RADEON HD 7660G,4
NVIDIA GEFORCE GT 435M,4
AMD RADEON HD 6680G2,4
INTEL HD GRAPHICS 5000,4
NVIDIA QUADRO K510M,4
AMD RADEON HD 6550M,4
AMD RADEON HD 7590M,4
NVIDIA GEFORCE GTS 350M,4
NVIDIA GEFORCE GTS 250M,4
AMD RADEON HD 6630M,4
AMD RADEON HD 7650M,4
AMD FIREPRO M2000,4
AMD RADEON HD 7570M,4
AMD RADEON HD 7630M,4
NVIDIA QUADRO FX 1800M,4
ATI MOBILITY RADEON HD 5650,4
AMD RADEON HD 8510G,4
AMD RADEON HD 6530M,4
AMD RADEON HD 8550G,4
NVIDIA QUADRO K500M,4
NVIDIA GEFORCE GT 625M,4
NVIDIA GEFORCE GT 620M,4
NVIDIA GEFORCE GT 525M,4
AMD RADEON HD 7640G + HD 7610M DUAL GRAPHICS,4
AMD RADEON HD 7610M,4
AMD RADEON HD 7620G,4
AMD RADEON HD 7640G,4
IMAGINATION POWERVR GM9446,4
QUALCOMM ADRENO 530,4
IMAGINATION POWERVR GXA6850,4
NVIDIA GEFORCE ULP K1 (TEGRA K1 KEPLER GPU),4
IMAGINATION A9 / POWERVR GT7600,4
ARM MALI-T880 MP12,4
ARM MALI-G76 MP4,4
INTEL HD GRAPHICS 515,4
INTEL UHD GRAPHICS 610,4
INTEL HD GRAPHICS 610,4
INTEL HD GRAPHICS 4400,4
AMD RADEON HD 8610G,4
INTEL HD GRAPHICS 510,4
NVIDIA NVS 5200M,4
ATI MOBILITY RADEON HD 565V,4
AMD RADEON HD 7550M,4
ATI MOBILITY RADEON HD 4670,4
NVIDIA GEFORCE GT 425M,4
NVIDIA GEFORCE 9700M GTS,4
AMD RADEON HD 6645G2,4
NVIDIA QUADRO FX 2700M,4
NVIDIA GEFORCE GT 335M,4
AMD RADEON HD 7500G + HD 7550M DUAL GRAPHICS,4
AMD RADEON HD 7600G,4
ATI MOBILITY RADEON HD 3870,4
AMD RADEON HD 6620G + HD 7450M DUAL GRAPHICS,4
AMD RADEON HD 6640G2,4
ATI MOBILITY RADEON HD 5165,4
ATI MOBILITY RADEON HD 560V,4
ATI MOBILITY RADEON HD 4650,4
NVIDIA GEFORCE GO 7950 GTX SLI,4
NVIDIA GEFORCE GO 7900 GTX SLI,4
NVIDIA GEFORCE GT 420M,4
AMD RADEON HD 7530M,4
ATI MOBILITY RADEON HD 3850,4
NVIDIA GEFORCE GT 330M,4
NVIDIA QUADRO FX 880M,4
NVIDIA QUADRO NVS 5100M,4
NVIDIA GEFORCE GT 240M,4
AMD RADEON HD 7490M,4
INTEL UHD GRAPHICS (JASPER LAKE 16 EU),4
INTEL UHD GRAPHICS 605,4
INTEL HD GRAPHICS 505,4
INTEL HD GRAPHICS 5300,4
AMD RADEON HD 7510M,4
NVIDIA GEFORCE GO 7950 GTX,4
NVIDIA QUADRO FX 3500M,4
NVIDIA GEFORCE 8700M GT SLI,4
NVIDIA GEFORCE 9700M GT,4
NVIDIA GEFORCE GT 230M,4
ATI MOBILITY RADEON HD 550V,4
INTEL HD GRAPHICS 4000,4
ARM MALI-T760 MP8,4
ARM MALI-G71 MP2,4
AMD RADEON HD 6620G,4
AMD RADEON R4 (STONEY RIDGE),4
QUALCOMM ADRENO 430,4
AMD RADEON R5 (BEEMA/CARRIZO-L),4
AMD RADEON R4 (BEEMA),4
AMD RADEON R4 (KAVERI),4
AMD RADEON R3 (MULLINS/BEEMA),4
AMD RADEON R2 (STONEY RIDGE),4
INTEL HD GRAPHICS (BROADWELL),4
INTEL HD GRAPHICS 4200,4
INTEL HD GRAPHICS (SKYLAKE),4
AMD RADEON HD 6545G2,4
AMD RADEON HD 6520G + HD 7450M DUAL GRAPHICS,4
AMD RADEON HD 6540G2,4
AMD RADEON HD 7500G,4
AMD RADEON HD 6480G + HD 7450M DUAL GRAPHICS,4
AMD RADEON HD 6515G2,4
AMD RADEON HD 8450G,4
AMD RADEON HD 7470M,4
AMD RADEON HD 6490M,4
AMD RADEON HD 8410G,4
AMD RADEON HD 8400,4
ARM MALI-G72 MP3,4
ARM MALI-G68 MP4,4
ARM MALI-T880 MP4,4
ARM MALI-G52 MP6,4
ARM MALI-G68 MP2,4
ARM MALI-G52 MP2,4
ARM MALI-G52 MP1,4
NVIDIA GEFORCE GT 520MX,4
AMD RADEON HD 7520G,4
NVIDIA GEFORCE GT 325M,4
NVIDIA GEFORCE GO 7800 GTX SLI,4
NVIDIA GEFORCE 8600M GT SLI,4
NVIDIA GEFORCE GO 7900 GS SLI,4
NVIDIA GEFORCE GT 130M,4
NVIDIA NVS 4200M,4
NVIDIA GEFORCE GO 7900 GTX,4
NVIDIA QUADRO FX 2500M,4
AMD RADEON HD 8350G,4
AMD RADEON HD 8330,4
INTEL UHD GRAPHICS 600,4
INTEL HD GRAPHICS 500,4
NVIDIA GEFORCE 9650M GS,4
NVIDIA GEFORCE 9650M GT,4
NVIDIA GEFORCE 8700M GT,4
NVIDIA QUADRO FX 1700M,4
NVIDIA QUADRO FX 1600M,4
NVIDIA GEFORCE GO 7800 GTX,4
NVIDIA GEFORCE GO 7900 GS,4
NVIDIA QUADRO NVS 320M,4
NVIDIA QUADRO FX 1500M,4
NVIDIA GEFORCE 9600M GT,4
NVIDIA GEFORCE GT 220M,4
NVIDIA QUADRO FX 770M,4
NVIDIA GEFORCE GT 120M,4
AMD RADEON HD 6510G2,4
AMD RADEON HD 7450M,4
NVIDIA GEFORCE 610M,4
NVIDIA GEFORCE 705M,4
ARM MALI-T760 MP6,4
ARM MALI-T880 MP2,4
INTEL HD GRAPHICS 405 (BRASWELL),4
INTEL HD GRAPHICS (BRASWELL),4
INTEL HD GRAPHICS 400 (BRASWELL),4
AMD RADEON HD 6470M,4
AMD FIREPRO M3900,4
NVIDIA GEFORCE GT 520M,4
AMD RADEON HD 7420G,4
ATI MOBILITY RADEON HD 3670,4
ATI MOBILITY FIREGL V5725,4
IMAGINATION POWERVR GX6450,4
QUALCOMM ADRENO 420,4
QUALCOMM ADRENO 620,4
ARM MALI-G57 MP4,4
ARM MALI-G57 MP3,4
ARM MALI-G57 MP2,4
QUALCOMM ADRENO 618,4
INTEL HD GRAPHICS (HASWELL),5
AMD RADEON HD 6520G,5
AMD RADEON HD 8310G,5
NVIDIA GEFORCE 320M,5
NVIDIA GEFORCE GT 320M,5
ATI MOBILITY RADEON HD 2600 XT,5
ATI MOBILITY RADEON X1900,5
ATI MOBILITY RADEON X1800XT,5
ATI MOBILITY RADEON X1800,5
NVIDIA GEFORCE GO 6800 ULTRA,5
NVIDIA GEFORCE GO 7800,5
NVIDIA GEFORCE 9600M GS,5
NVIDIA GEFORCE 9500M GS,5
AMD RADEON HD 7400G,5
AMD RADEON HD 6480G,5
ATI MOBILITY RADEON HD 2700,5
NVIDIA GEFORCE GT 415M,5
NVIDIA GEFORCE 410M,5
AMD RADEON HD 7370M,5
QUALCOMM ADRENO 418,5
QUALCOMM ADRENO 619,5
QUALCOMM ADRENO 619L,5
ARM MALI-G57 MP1,5
QUALCOMM ADRENO 616,5
AMD RADEON R2 (MULLINS/BEEMA/CARRIZO-L),5
ARM MALI-G51 MP4,5
AMD RADEON HD 6370M,5
AMD RADEON HD 8280,5
ATI MOBILITY RADEON HD 5470,5
AMD RADEON HD 6450M,5
AMD RADEON HD 7430M,5
ATI MOBILITY RADEON HD 3650,5
ATI MOBILITY FIREGL V5700,5
ATI MOBILITY RADEON HD 5145,5
ATI MOBILITY RADEON HD 545V,5
AMD RADEON HD 8240,5
AMD RADEON R6 (MULLINS),5
AMD RADEON HD 8250,5
INTEL HD GRAPHICS (CHERRY TRAIL),5
ATI MOBILITY RADEON HD 4570,5
NVIDIA QUADRO FX 570M,5
ATI MOBILITY RADEON HD 5450,5
NVIDIA GEFORCE 8600M GT,5
ATI MOBILITY RADEON HD 2600,5
INTEL HD GRAPHICS 3000,5
NVIDIA QUADRO FX 380M,5
NVIDIA GEFORCE 310M,5
NVIDIA GEFORCE G210M,5
NVIDIA NVS 3100M,5
NVIDIA GEFORCE 405M,5
NVIDIA GEFORCE 315M,5
NVIDIA GEFORCE GO 7600 GT,5
NVIDIA GEFORCE 9500M G,5
NVIDIA GEFORCE 8600M GS,5
NVIDIA NVS 2100M,5
NVIDIA GEFORCE GO 7700,5
NVIDIA GEFORCE GO 6800,5
NVIDIA QUADRO FX GO 1400,5
ATI MOBILITY RADEON X800XT,5
AMD RADEON HD 6430M,5
AMD RADEON HD 6380G,5
ATI MOBILITY RADEON HD 5430,5
AMD RADEON HD 8210,5
ATI MOBILITY RADEON HD 540V,5
ATI MOBILITY RADEON HD 4550,5
INTEL HD GRAPHICS 2500,5
INTEL HD GRAPHICS (IVY BRIDGE),5
AMD RADEON HD 7350M,5
AMD RADEON HD 6350M,5
ATI MOBILITY RADEON HD 4530,5
ATI MOBILITY RADEON HD 4350,5
ATI MOBILITY RADEON HD 530V,5
NVIDIA GEFORCE 305M,5
ATI MOBILITY RADEON X1700,5
ATI MOBILITY FIREGL V5250,5
ATI MOBILITY RADEON X2500,5
NVIDIA GEFORCE GO 7600,5
NVIDIA QUADRO NVS 300M,5
ATI MOBILITY RADEON X800,5
ATI MOBILITY RADEON X1600,5
ATI MOBILITY FIREGL V5200,5
ATI MOBILITY RADEON 9800,5
NVIDIA GEFORCE GO 6600,5
ATI MOBILITY RADEON X1450,5
ATI MOBILITY RADEON X700,5
ATI MOBILITY FIREGL V5000,5
NVIDIA GEFORCE G 110M,5
AMD RADEON HD 6330M,5
ATI MOBILITY RADEON HD 4330,5
NVIDIA GEFORCE 8400M GT,5
NVIDIA QUADRO NVS 140M,5
INTEL HD GRAPHICS 2000,5
NVIDIA GEFORCE G 105M,5
NVIDIA GEFORCE G 103M,5
NVIDIA GEFORCE 9500M GE,5
NVIDIA GEFORCE G 102M,5
NVIDIA GEFORCE G 205M,5
NVIDIA GEFORCE 9400M (G) / ION (LE),5
INTEL HD GRAPHICS (SANDY BRIDGE),5
QUALCOMM ADRENO 612,5
QUALCOMM ADRENO 610,5
QUALCOMM ADRENO 512,5
QUALCOMM ADRENO 510,5
QUALCOMM ADRENO 330,5
IMAGINATION POWERVR G6430,5
POWERVR GX6250,5
IMAGINATION POWERVR G6400,5
INTEL HD GRAPHICS (BAY TRAIL),5
ARM MALI-T628 MP6,5
ARM MALI-T760 MP4,5
AMD RADEON HD 7340,5
AMD RADEON HD 6320,5
AMD RADEON HD 7310,5
AMD RADEON HD 6310,5
AMD RADEON HD 8180,5
ATI MOBILITY RADEON HD 3470 HYBRID X2,5
NVIDIA GEFORCE 9400M GEFORCEBOOST,5
ATI MOBILITY RADEON HD 3470,5
NVIDIA GEFORCE 9300M G,5
NVIDIA ION 2,5
NVIDIA GEFORCE 9300M GS,5
NVIDIA QUADRO FX 370M,5
NVIDIA QUADRO NVS 160M,5
NVIDIA GEFORCE 9200M GS,5
AMD RADEON HD 7290,5
AMD RADEON HD 6290,5
ATI MOBILITY RADEON HD 3450,5
ATI MOBILITY RADEON HD 3430,5
ATI MOBILITY RADEON HD 3410,5
ATI MOBILITY RADEON HD 2400 XT,5
ATI RADEON HD 4270,5
ATI RADEON HD 4250,5
ATI RADEON HD 4200,5
INTEL GRAPHICS MEDIA ACCELERATOR (GMA) HD GRAPHICS,5
AMD RADEON HD 6250,5
NVIDIA QUADRO NVS 150M,5
NVIDIA QUADRO FX 360M,5
ATI MOBILITY RADEON X1350,5
ATI MOBILITY RADEON X1400,5
NVIDIA GEFORCE 9100M G,5
NVIDIA GEFORCE 8400M GS,5
NVIDIA QUADRO NVS 135M,5
ATI MOBILITY RADEON HD 2400,5
ATI RADEON HD 3200,5
ATI RADEON HD 4225,5
ATI RADEON HD 4100,5
POWERVR SGX554MP4,5
ARM MALI-T628 MP4,5
QUALCOMM ADRENO 509,5
QUALCOMM ADRENO 508,5
QUALCOMM ADRENO 506,5
POWERVR GE8322 / IMG8322,5
QUALCOMM ADRENO 505,5
QUALCOMM ADRENO 504,5
ATI MOBILITY RADEON HD 3400,5
ATI RADEON HD 3100,5
NVIDIA GEFORCE 8400M G,5
ARM MALI-T860 MP2,5
ARM MALI-T830 MP3,5
NVIDIA QUADRO NVS 130M,5
NVIDIA GEFORCE 8200M G,5
INTEL GRAPHICS MEDIA ACCELERATOR (GMA) 4700MHD,5
INTEL GRAPHICS MEDIA ACCELERATOR (GMA) 4500MHD,5
INTEL GRAPHICS MEDIA ACCELERATOR (GMA) 4500M,5
ARM MALI-T604 MP4,5
NVIDIA GEFORCE GO 7400,5
NVIDIA QUADRO FX 350M,5
NVIDIA QUADRO NVS 120M,5
NVIDIA GEFORCE GO 7300,5
NVIDIA GEFORCE TEGRA 4,5
IMAGINATION POWERVR G6200,5
QUALCOMM ADRENO 405,5
ARM MALI-T830 MP2,5
NVIDIA QUADRO NVS 110M,5
ATI MOBILITY RADEON X600,5
ATI MOBILITY FIREGL V3200,5
ATI MOBILITY FIREGL V3100,5
ATI MOBILITY RADEON X2300,5
ATI MOBILITY RADEON HD 2300,5
ATI MOBILITY RADEON 9700,5
ATI MOBILITY FIREGL T2E,6
ATI MOBILITY RADEON X1300,6
NVIDIA GEFORCE4 4200 GO,6
ATI MOBILITY RADEON 9600,6
ATI MOBILITY FIREGL T2,6
ATI MOBILITY RADEON 9550,6
NVIDIA GEFORCE GO 7200,6
NVIDIA GEFORCE GO 6400,6
ATI MOBILITY RADEON X300,6
NVIDIA GEFORCE GO 6250,6
NVIDIA GEFORCE GO 6200,6
NVIDIA GEFORCE FX GO 5700,6
NVIDIA QUADRO FX GO 1000,6
NVIDIA GEFORCE FX GO 5600 / 5650,6
ATI RADEON XPRESS X1270,6
ATI RADEON XPRESS X1250,6
ATI RADEON XPRESS 1250,6
ATI RADEON XPRESS X1200,6
INTEL GRAPHICS MEDIA ACCELERATOR (GMA) X3100,6
POWERVR SGX543MP4,6
ARM MALI-T624,6
QUALCOMM ADRENO 320,6
ARM MALI-T760 MP2,6
IMAGINATION POWERVR GE8320,6
IMAGINATION POWERVR GE8300,6
IMAGINATION POWERVR GE8100,6
ARM MALI-T720 MP4,6
ARM MALI-450 MP4,6
ARM MALI-T830 MP1,6
INTEL GRAPHICS MEDIA ACCELERATOR (GMA) 3650,6
NVIDIA GEFORCE 7190M,6
NVIDIA GEFORCE 7150M,6
ATI RADEON XPRESS 1150,6
NVIDIA GEFORCE GO 6150,6
NVIDIA GEFORCE GO 6100,6
NVIDIA GEFORCE 7000M,6
POWERVR SGX543MP3,6
INTEL GRAPHICS MEDIA ACCELERATOR (GMA) 3600,6
ATI MOBILITY RADEON 9200,6
ATI MOBILITY FIREGL 9000,6
NVIDIA GEFORCE FX GO 5200,6
ATI MOBILITY RADEON 9000,6
NVIDIA GEFORCE 4 488 GO,6
NVIDIA GEFORCE 4 460 GO,6
NVIDIA GEFORCE 4 440 GO,6
NVIDIA GEFORCE 4 420 GO,6
POWERVR SGX543MP2,6
INTEL GRAPHICS MEDIA ACCELERATOR (GMA) 3150,6
INTEL GRAPHICS MEDIA ACCELERATOR (GMA) 950,6
POWERVR SGX545,6
POWERVR SGX544MP2,6
ARM MALI-T720 MP2,6
POWERVR SGX544,6
QUALCOMM ADRENO 308,6
QUALCOMM ADRENO 306,6
QUALCOMM ADRENO 305,6
QUALCOMM ADRENO 304,6
ARM MALI-T720,6
VIVANTE GC7000UL,6
QUALCOMM ADRENO 302,6
ATI MOBILITY RADEON 7500,6
ATI MOBILITY FIREGL 7800,6
INTEL GRAPHICS MEDIA ACCELERATOR (GMA) 900,6
ATI RADEON XPRESS 200M,6
ATI RADEON XPRESS 1100,6
SIS MIRAGE 3+ 672MX,6
SIS MIRAGE 3 671MX,6
QUALCOMM ADRENO 225,6
VIVANTE GC4000,6
ARM MALI-400 MP4,6
NVIDIA GEFORCE ULP (TEGRA 3),6
BROADCOM VIDEOCORE-IV,6
QUALCOMM ADRENO 220,6
VIVANTE VIVANTE GC1000+ DUAL-CORE,6
ARM MALI-400 MP2,6
ARM MALI-400 MP,6
NVIDIA GEFORCE ULP (TEGRA 2),6
INTEL GRAPHICS MEDIA ACCELERATOR (GMA) 600,6
POWERVR SGX540,6
INTEL GRAPHICS MEDIA ACCELERATOR (GMA) 500,6
QUALCOMM ADRENO 205,6
QUALCOMM ADRENO 203,6
VIVANTE GC800,6
POWERVR SGX535,6
POWERVR SGX531,6
POWERVR SGX530,6
QUALCOMM ADRENO 200,6
ARM MALI-200,6
NVIDIA GEFORCE 3 GO,6
NVIDIA GEFORCE 2 GO 200 / 100,6
ATI MOBILITY RADEON 9100 IGP,6
ATI MOBILITY RADEON 9000 IGP,6
ATI MOBILITY RADEON M7,6
ATI MOBILITY RADEON M6,6
VIA CHROME9 HC,6
INTEL EXTREME GRAPHICS 2,6
ATI MOBILITY RADEON 7000 IGP,6
ATI RADEON IGP 340M,6
ATI RADEON IGP 320M,6
VIA S3G UNICHROME PRO II,6
VIA S3G UNICHROME PRO,6
VIA CASTLE ROCK,6
SIS MIRAGE 2 M760,6
SIS MIRAGE M661FX ,6
VIA S3 GRAPHICS PROSAVAGE8,6
ATI MOBILITY 128 M3,6
SILICON MOTION SM502,6
