processor,graphics_card
AMD A4 9120C,"	AMD RADEON R4 (STONEY RIDGE)"
AMD A6 9220,"	AMD RADEON R4 (STONEY RIDGE)"
AMD RYZEN 5 6600U,AMD RADEON 660M
AMD RYZEN 7 6800HS,AMD RADEON 680M
AMD RYZEN 9 PRO 6950H,AMD RADEON 680M
AMD RYZEN 7 3700U,AMD VEGA 10
AMD ATHLON SILVER 3050U,AMD VEGA 2
AMD ATHLON GOLD 3150C,AMD VEGA 3 
AMD 3015CE,AMD VEGA 3 
AMD 3015E,AMD VEGA 3 
AMD 3020E,AMD VEGA 3 
AMD ATHLON GOLD 3150U,AMD VEGA 3 
AMD RYZEN 3 3200U,AMD VEGA 3 
AMD RYZEN 3 3250C,AMD VEGA 3 
AMD RYZEN 3 3250U,AMD VEGA 3 
AMD RYZEN 3 4300U,AMD VEGA 5
AMD RYZEN 5 4600H,AMD VEGA 6
AMD RYZEN 3 3300U,AMD VEGA 6
AMD RYZEN 3 5300U,AMD VEGA 6
AMD RYZEN 5 4500U,AMD VEGA 6
AMD RYZEN 5 PRO 4650U,AMD VEGA 6
AMD RYZEN 5 5500U,AMD VEGA 7
AMD RYZEN 5 5600H,AMD VEGA 7
AMD RYZEN 5 5600U,AMD VEGA 7
AMD RYZEN 5 5625U,AMD VEGA 7
AMD RYZEN 5 PRO 5650U,AMD VEGA 7
AMD RYZEN 5 PRO 5675U,AMD VEGA 7
AMD RYZEN 7 4700U,AMD VEGA 7
AMD RYZEN 7 PRO 4750U,AMD VEGA 7
AMD RYZEN 5 3450U,AMD VEGA 8
AMD RYZEN 5 3500C,AMD VEGA 8
AMD RYZEN 5 3500U,AMD VEGA 8
AMD RYZEN 7 5700U,AMD VEGA 8
AMD RYZEN 7 5800H,AMD VEGA 8
AMD RYZEN 7 5800U,AMD VEGA 8
AMD RYZEN 7 5825U,AMD VEGA 8
AMD RYZEN 7 PRO 5850U,AMD VEGA 8
AMD RYZEN 7 PRO 5875U,AMD VEGA 8
AMD RYZEN 9 5900HX,AMD VEGA 8
MEDIATEK MT8183,ARM MALI-G72 MP3
INTEL CELERON CORE N3350,INTEL HD GRAPHICS 500
INTEL CELERON N3450,INTEL HD GRAPHICS 500
INTEL PENTIUM N4200,INTEL HD GRAPHICS 505
INTEL CORE I7 1065G7,INTEL IRIS PLUS GRAPHICS G7 (ICE LAKE 64 EU)
INTEL CORE I5 1245U,INTEL IRIS XE  G7 80EUS
INTEL CORE I5 11300H,INTEL IRIS XE  G7 80EUS
INTEL CORE I5 1130G7,INTEL IRIS XE  G7 80EUS
INTEL CORE I5 1135G7,INTEL IRIS XE  G7 80EUS
INTEL CORE I5 1145G7,INTEL IRIS XE  G7 80EUS
INTEL CORE I5 1155G7,INTEL IRIS XE  G7 80EUS
INTEL CORE I5 1235U,INTEL IRIS XE  G7 80EUS
INTEL CORE I5 1240P,INTEL IRIS XE  G7 80EUS
INTEL CORE I5 11320H,INTEL IRIS XE  G7 96EUS
INTEL CORE I7 11370H,INTEL IRIS XE  G7 96EUS
INTEL CORE I7 1160G7,INTEL IRIS XE  G7 96EUS
INTEL CORE I7 1165G7,INTEL IRIS XE  G7 96EUS
INTEL CORE I7 1185G7,INTEL IRIS XE  G7 96EUS
INTEL CORE I7 1195G7,INTEL IRIS XE  G7 96EUS
INTEL CORE I7 1255U,INTEL IRIS XE  G7 96EUS
INTEL CORE I7 1260P,INTEL IRIS XE  G7 96EUS
INTEL CORE I7 1265U,INTEL IRIS XE  G7 96EUS
INTEL CORE I7 1270P,INTEL IRIS XE  G7 96EUS
INTEL CELERON N4500,INTEL UHD GRAPHICS (JASPER LAKE 16 EU)
INTEL CELERON N5100,INTEL UHD GRAPHICS (JASPER LAKE 24 EU)
INTEL PENTIUM SILVER N6000,INTEL UHD GRAPHICS (JASPER LAKE 32 EU)
INTEL CELERON N4000,INTEL UHD GRAPHICS 600
INTEL CELERON N4020,INTEL UHD GRAPHICS 600
INTEL CELERON N4120,INTEL UHD GRAPHICS 600
INTEL PENTIUM SILVER N5030,INTEL UHD GRAPHICS 605
INTEL CELERON,INTEL UHD GRAPHICS 610
INTEL CELERON 5205U,INTEL UHD GRAPHICS 610
INTEL PENTIUM GOLD 6405U,INTEL UHD GRAPHICS 610
INTEL CORE I5 8200Y,INTEL UHD GRAPHICS 615
INTEL CORE M3 8100Y,INTEL UHD GRAPHICS 615
INTEL CORE I3 10110U,INTEL UHD GRAPHICS 620
INTEL CORE I5 10210U,INTEL UHD GRAPHICS 620
INTEL CORE I5 10310U,INTEL UHD GRAPHICS 620
INTEL CORE I5 8250U,INTEL UHD GRAPHICS 620
INTEL CORE I5 8265U,INTEL UHD GRAPHICS 620
INTEL CORE I7 10510U,INTEL UHD GRAPHICS 620
INTEL CORE I7 8550U,INTEL UHD GRAPHICS 620
INTEL CORE I5 9300H,INTEL UHD GRAPHICS 630
INTEL CORE I3 1005G1,INTEL UHD GRAPHICS G1 (ICE LAKE 32 EU)
INTEL CORE I5 1035G1,INTEL UHD GRAPHICS G1 (ICE LAKE 32 EU)
INTEL CORE I5 L16G7,INTEL UHD GRAPHICS G7 (LAKEFIELD GT2 64 EU)
INTEL CELERON 6305,INTEL UHD GRAPHICS XE G4 48EUS
INTEL CORE I3 1110G4,INTEL UHD GRAPHICS XE G4 48EUS
INTEL CORE I3 1115G4,INTEL UHD GRAPHICS XE G4 48EUS
INTEL CORE I3 1125G4,INTEL UHD GRAPHICS XE G4 48EUS
INTEL CORE I3 CORE 1115G4,INTEL UHD GRAPHICS XE G4 48EUS
INTEL I3 1115G4,INTEL UHD GRAPHICS XE G4 48EUS
INTEL I3 CORE 1115G4,INTEL UHD GRAPHICS XE G4 48EUS
INTEL PENTIUM GOLD 7505,INTEL UHD GRAPHICS XE G4 48EUS
MEDIATEK MT8173C,POWERVR GX6250
SNAPDRAGON 7C GEN 2,QUALCOMM ADRENO 618
SNAPDRAGON 7C 2.55GHZ,QUALCOMM ADRENO 618
SNAPDRAGON 8CX GEN 3,QUALCOMM ADRENO 680
INTEL PENTIUM 4425Y,INTEL UHD GRAPHICS 615
MICROSOFT SQ1,QUALCOMM ADRENO 685
INTEL PENTIUM GOLD 5405U,INTEL UHD GRAPHICS 610
AMD A4 9120C,"	AMD RADEON R4 (STONEY RIDGE)"
AMD A9 9425,AMD RADEON R5 (STONEY RIDGE)
AMD A10 8700B,AMD RADEON R6 (CARRIZO)
AMD A12 8830B,AMD RADEON R7 (CARRIZO)
INTEL CORE I7 7600U,INTEL UHD GRAPHICS 620
